{
  "best_total_loss": 0.3399817645549774,
  "period_nm": 827.25048828125,
  "geometry_nm": [
    99.8260269165039,
    279.3153991699219,
    125.30437469482422,
    95.40538024902344,
    132.84176635742188,
    94.55746459960938
  ],
  "predicted_spectrum": [
    0.7965901494026184,
    0.8073306083679199,
    0.8279936909675598,
    0.8379985690116882,
    0.8544176816940308,
    0.8512484431266785,
    0.8546985387802124,
    0.8667594194412231,
    0.8695511817932129,
    0.87874436378479,
    0.8886459469795227,
    0.20280495285987854,
    0.1893792599439621,
    0.16699302196502686,
    0.15868200361728668,
    0.14739574491977692,
    0.14705459773540497,
    0.14650896191596985,
    0.12441439926624298,
    0.12637245655059814,
    0.11929818987846375,
    0.11378644406795502
  ],
  "target_spectrum": [
    0.0,
    0.0,
    0.0,
    0.0,
    0.0,
    1.0,
    0.0,
    0.0,
    0.0,
    0.0,
    0.0,
    0.0,
    0.0,
    0.0,
    0.0,
    0.0,
    0.0,
    0.0,
    0.0,
    0.0,
    0.0,
    0.0
  ],
  "wavelengths_nm": [
    1500.0,
    1510.0,
    1520.0,
    1530.0,
    1540.0,
    1550.0,
    1560.0,
    1570.0,
    1580.0,
    1590.0,
    1600.0
  ]
}